Score,Description,N_A,N_C,Median_A,Median_C,C_minus_A,PermutationP_C_greater_A,BootstrapCI95Low,BootstrapCI95High
projection_fixed,Fixed projection score,17,28,0.124355,0.208624,0.0842686,0.00209979,0.0443983,0.157918
tau_core_s_class,Tau Core S_tau class-gated,17,28,0.124355,0.616147,0.491792,9.999e-05,0.325978,0.73573
tau_core_s_evidence,Tau Core S_tau evidence-gated,17,28,0.124355,0.616147,0.491792,9.999e-05,0.325307,0.73573
tau_core_s_continuous,Tau Core S_tau continuous external,17,28,0.132534,0.473177,0.340643,9.999e-05,0.186878,0.544119
tau_core_s_soft,Tau Core S_tau soft-calibrated,17,28,0.142446,0.322959,0.180513,0.00289971,0.076575,0.246527
newtonian_baryonic,Newtonian baryonic,17,28,0.57056,0.616147,0.0455866,0.384762,-0.196053,0.313757
mond_simple_mu,MOND simple-mu,17,28,0.113658,0.232381,0.118723,0.00179982,0.00303851,0.174148
rar_mcgaugh,Empirical RAR,17,28,0.113603,0.22442,0.110816,0.00119988,0.00305295,0.174704
