distance_bin,n_A,n_C,median_A,median_C,median_diff_C_minus_A,weight_min_n
0-5,3,10,0.13881204053049753,0.21290095577761792,0.07408891524712038,3
5-10,4,10,0.15389634322912282,0.21536408662393686,0.061467743394814034,4
10-20,7,6,0.11848399417990181,0.20360471510299938,0.08512072092309757,6
>20,3,2,0.11677665000070281,0.1803909623438655,0.0636143123431627,2
