view,comparison,metric,alternative,n_left,n_right,median_left,median_right,median_difference_right_minus_left,permutation_p_one_sided,bootstrap_ci95_low,bootstrap_ci95_high
full_sample,nonA_minus_A,rms_log_tpg,greater,19,156,0.12435549865651069,0.18218272699538746,0.05782722833887677,0.014298570142985701,0.018513942678507256,0.09097563507134625
full_sample,C_minus_nonC,rms_log_tpg,greater,122,53,0.15114522604038697,0.19447788980183073,0.04333266376144376,0.0892910708929107,-0.009469399490390551,0.0835880331436479
full_sample,C_minus_A,rms_log_tpg,greater,19,53,0.12435549865651069,0.19447788980183073,0.07012239114532004,0.0021997800219978004,0.021698762088653484,0.11506978231892939
quality_pass,nonA_minus_A,rms_log_tpg,greater,17,56,0.12435549865651069,0.19047933238014692,0.06612383372363623,0.0057994200579942,0.02558951695488601,0.1090301496470085
quality_pass,C_minus_nonC,rms_log_tpg,greater,45,28,0.1386447629375734,0.20862409577450103,0.06997933283692762,0.017298270172982702,0.022757553220214444,0.14165116693460497
quality_pass,C_minus_A,rms_log_tpg,greater,17,28,0.12435549865651069,0.20862409577450103,0.08426859711799034,0.000999900009999,0.044814615999338975,0.1598950854666053
