view,class,n,median_rms_log_tpg,median_weighted_rms_log_tpg,median_outer_mean_log_residual_tpg
full_sample,A,19,0.12435549865651069,0.09799160786312039,0.009280228312582193
full_sample,B,103,0.1704878739909504,0.16081388155303142,-0.0005278181466157016
full_sample,C,53,0.19447788980183073,0.1981222408564065,-0.02873247288958129
quality_pass,A,17,0.12435549865651069,0.09799160786312039,0.03928403224748434
quality_pass,B,28,0.16468020252118487,0.15572682181577385,-0.00472557713511744
quality_pass,C,28,0.20862409577450103,0.21188035235867192,-0.028500102245949135
