InclinationBinDeg,Class,N,MedianRmsLog
30-45,A,0,
30-45,C,4,0.211381
45-60,A,4,0.1315
45-60,C,11,0.146478
60-75,A,8,0.136373
60-75,C,7,0.239111
75-85,A,5,0.101666
75-85,C,6,0.264812
